date,index_name,ticker,region,currency,close
2021-01-31,S&P 500,^GSPC,United States,USD,3714.24
2021-02-28,S&P 500,^GSPC,United States,USD,3811.15
2021-03-31,S&P 500,^GSPC,United States,USD,3972.89
2021-04-30,S&P 500,^GSPC,United States,USD,4181.17
2021-05-31,S&P 500,^GSPC,United States,USD,4204.11
2021-06-30,S&P 500,^GSPC,United States,USD,4297.50
2021-07-31,S&P 500,^GSPC,United States,USD,4395.26
2021-08-31,S&P 500,^GSPC,United States,USD,4522.68
2021-09-30,S&P 500,^GSPC,United States,USD,4307.54
2021-10-31,S&P 500,^GSPC,United States,USD,4605.38
2021-11-30,S&P 500,^GSPC,United States,USD,4567.00
2021-12-31,S&P 500,^GSPC,United States,USD,4766.18
2022-01-31,S&P 500,^GSPC,United States,USD,4515.55
2022-02-28,S&P 500,^GSPC,United States,USD,4373.94
2022-03-31,S&P 500,^GSPC,United States,USD,4530.41
2022-04-30,S&P 500,^GSPC,United States,USD,4131.93
2022-05-31,S&P 500,^GSPC,United States,USD,4132.15
2022-06-30,S&P 500,^GSPC,United States,USD,3785.38
2022-07-31,S&P 500,^GSPC,United States,USD,4130.29
2022-08-31,S&P 500,^GSPC,United States,USD,3955.00
2022-09-30,S&P 500,^GSPC,United States,USD,3585.62
2022-10-31,S&P 500,^GSPC,United States,USD,3871.98
2022-11-30,S&P 500,^GSPC,United States,USD,4080.11
2022-12-31,S&P 500,^GSPC,United States,USD,3839.50
2023-01-31,S&P 500,^GSPC,United States,USD,4076.60
2023-02-28,S&P 500,^GSPC,United States,USD,3970.15
2023-03-31,S&P 500,^GSPC,United States,USD,4109.31
2023-04-30,S&P 500,^GSPC,United States,USD,4169.48
2023-05-31,S&P 500,^GSPC,United States,USD,4179.83
2023-06-30,S&P 500,^GSPC,United States,USD,4450.38
2023-07-31,S&P 500,^GSPC,United States,USD,4588.96
2023-08-31,S&P 500,^GSPC,United States,USD,4507.66
2023-09-30,S&P 500,^GSPC,United States,USD,4288.05
2023-10-31,S&P 500,^GSPC,United States,USD,4193.80
2023-11-30,S&P 500,^GSPC,United States,USD,4567.80
2023-12-31,S&P 500,^GSPC,United States,USD,4769.83
2024-01-31,S&P 500,^GSPC,United States,USD,4845.65
2024-02-29,S&P 500,^GSPC,United States,USD,5096.27
2024-03-31,S&P 500,^GSPC,United States,USD,5254.35
2024-04-30,S&P 500,^GSPC,United States,USD,5035.69
2024-05-31,S&P 500,^GSPC,United States,USD,5277.51
2024-06-30,S&P 500,^GSPC,United States,USD,5460.48
2024-07-31,S&P 500,^GSPC,United States,USD,5522.30
2024-08-31,S&P 500,^GSPC,United States,USD,5648.40
2024-09-30,S&P 500,^GSPC,United States,USD,5762.48
2024-10-31,S&P 500,^GSPC,United States,USD,5705.45
2024-11-30,S&P 500,^GSPC,United States,USD,6032.38
2024-12-31,S&P 500,^GSPC,United States,USD,5881.63
2021-01-31,NASDAQ Composite,^IXIC,United States,USD,13070.69
2021-02-28,NASDAQ Composite,^IXIC,United States,USD,13192.35
2021-03-31,NASDAQ Composite,^IXIC,United States,USD,13246.87
2021-04-30,NASDAQ Composite,^IXIC,United States,USD,13962.68
2021-05-31,NASDAQ Composite,^IXIC,United States,USD,13748.74
2021-06-30,NASDAQ Composite,^IXIC,United States,USD,14503.95
2021-07-31,NASDAQ Composite,^IXIC,United States,USD,14672.68
2021-08-31,NASDAQ Composite,^IXIC,United States,USD,15259.24
2021-09-30,NASDAQ Composite,^IXIC,United States,USD,14448.58
2021-10-31,NASDAQ Composite,^IXIC,United States,USD,15498.39
2021-11-30,NASDAQ Composite,^IXIC,United States,USD,15537.69
2021-12-31,NASDAQ Composite,^IXIC,United States,USD,15644.97
2022-01-31,NASDAQ Composite,^IXIC,United States,USD,14239.88
2022-02-28,NASDAQ Composite,^IXIC,United States,USD,13751.40
2022-03-31,NASDAQ Composite,^IXIC,United States,USD,14220.52
2022-04-30,NASDAQ Composite,^IXIC,United States,USD,12334.64
2022-05-31,NASDAQ Composite,^IXIC,United States,USD,12081.39
2022-06-30,NASDAQ Composite,^IXIC,United States,USD,11028.74
2022-07-31,NASDAQ Composite,^IXIC,United States,USD,12390.69
2022-08-31,NASDAQ Composite,^IXIC,United States,USD,11816.20
2022-09-30,NASDAQ Composite,^IXIC,United States,USD,10575.62
2022-10-31,NASDAQ Composite,^IXIC,United States,USD,10988.15
2022-11-30,NASDAQ Composite,^IXIC,United States,USD,11468.00
2022-12-31,NASDAQ Composite,^IXIC,United States,USD,10466.48
2023-01-31,NASDAQ Composite,^IXIC,United States,USD,11584.55
2023-02-28,NASDAQ Composite,^IXIC,United States,USD,11455.54
2023-03-31,NASDAQ Composite,^IXIC,United States,USD,12221.91
2023-04-30,NASDAQ Composite,^IXIC,United States,USD,12226.58
2023-05-31,NASDAQ Composite,^IXIC,United States,USD,12935.29
2023-06-30,NASDAQ Composite,^IXIC,United States,USD,13787.92
2023-07-31,NASDAQ Composite,^IXIC,United States,USD,14346.02
2023-08-31,NASDAQ Composite,^IXIC,United States,USD,14034.97
2023-09-30,NASDAQ Composite,^IXIC,United States,USD,13219.32
2023-10-31,NASDAQ Composite,^IXIC,United States,USD,12851.24
2023-11-30,NASDAQ Composite,^IXIC,United States,USD,14226.22
2023-12-31,NASDAQ Composite,^IXIC,United States,USD,15011.35
2024-01-31,NASDAQ Composite,^IXIC,United States,USD,15164.01
2024-02-29,NASDAQ Composite,^IXIC,United States,USD,16091.92
2024-03-31,NASDAQ Composite,^IXIC,United States,USD,16379.46
2024-04-30,NASDAQ Composite,^IXIC,United States,USD,15657.82
2024-05-31,NASDAQ Composite,^IXIC,United States,USD,16735.02
2024-06-30,NASDAQ Composite,^IXIC,United States,USD,17732.60
2024-07-31,NASDAQ Composite,^IXIC,United States,USD,17599.40
2024-08-31,NASDAQ Composite,^IXIC,United States,USD,17713.62
2024-09-30,NASDAQ Composite,^IXIC,United States,USD,18189.17
2024-10-31,NASDAQ Composite,^IXIC,United States,USD,18095.15
2024-11-30,NASDAQ Composite,^IXIC,United States,USD,19218.17
2024-12-31,NASDAQ Composite,^IXIC,United States,USD,19310.79
2021-01-31,FTSE 100,^FTSE,United Kingdom,GBP,6407.46
2021-02-28,FTSE 100,^FTSE,United Kingdom,GBP,6483.43
2021-03-31,FTSE 100,^FTSE,United Kingdom,GBP,6713.63
2021-04-30,FTSE 100,^FTSE,United Kingdom,GBP,6969.81
2021-05-31,FTSE 100,^FTSE,United Kingdom,GBP,7022.61
2021-06-30,FTSE 100,^FTSE,United Kingdom,GBP,7037.47
2021-07-31,FTSE 100,^FTSE,United Kingdom,GBP,7032.30
2021-08-31,FTSE 100,^FTSE,United Kingdom,GBP,7119.70
2021-09-30,FTSE 100,^FTSE,United Kingdom,GBP,7086.42
2021-10-31,FTSE 100,^FTSE,United Kingdom,GBP,7237.57
2021-11-30,FTSE 100,^FTSE,United Kingdom,GBP,7059.45
2021-12-31,FTSE 100,^FTSE,United Kingdom,GBP,7384.54
2022-01-31,FTSE 100,^FTSE,United Kingdom,GBP,7464.37
2022-02-28,FTSE 100,^FTSE,United Kingdom,GBP,7458.25
2022-03-31,FTSE 100,^FTSE,United Kingdom,GBP,7515.68
2022-04-30,FTSE 100,^FTSE,United Kingdom,GBP,7544.55
2022-05-31,FTSE 100,^FTSE,United Kingdom,GBP,7607.66
2022-06-30,FTSE 100,^FTSE,United Kingdom,GBP,7169.28
2022-07-31,FTSE 100,^FTSE,United Kingdom,GBP,7423.43
2022-08-31,FTSE 100,^FTSE,United Kingdom,GBP,7284.15
2022-09-30,FTSE 100,^FTSE,United Kingdom,GBP,6893.81
2022-10-31,FTSE 100,^FTSE,United Kingdom,GBP,7094.53
2022-11-30,FTSE 100,^FTSE,United Kingdom,GBP,7573.05
2022-12-31,FTSE 100,^FTSE,United Kingdom,GBP,7451.74
2023-01-31,FTSE 100,^FTSE,United Kingdom,GBP,7771.70
2023-02-28,FTSE 100,^FTSE,United Kingdom,GBP,7876.28
2023-03-31,FTSE 100,^FTSE,United Kingdom,GBP,7631.74
2023-04-30,FTSE 100,^FTSE,United Kingdom,GBP,7870.57
2023-05-31,FTSE 100,^FTSE,United Kingdom,GBP,7446.14
2023-06-30,FTSE 100,^FTSE,United Kingdom,GBP,7531.53
2023-07-31,FTSE 100,^FTSE,United Kingdom,GBP,7699.41
2023-08-31,FTSE 100,^FTSE,United Kingdom,GBP,7439.13
2023-09-30,FTSE 100,^FTSE,United Kingdom,GBP,7608.08
2023-10-31,FTSE 100,^FTSE,United Kingdom,GBP,7321.72
2023-11-30,FTSE 100,^FTSE,United Kingdom,GBP,7453.75
2023-12-31,FTSE 100,^FTSE,United Kingdom,GBP,7733.24
2024-01-31,FTSE 100,^FTSE,United Kingdom,GBP,7630.57
2024-02-29,FTSE 100,^FTSE,United Kingdom,GBP,7630.02
2024-03-31,FTSE 100,^FTSE,United Kingdom,GBP,7952.62
2024-04-30,FTSE 100,^FTSE,United Kingdom,GBP,8144.13
2024-05-31,FTSE 100,^FTSE,United Kingdom,GBP,8275.38
2024-06-30,FTSE 100,^FTSE,United Kingdom,GBP,8164.12
2024-07-31,FTSE 100,^FTSE,United Kingdom,GBP,8367.98
2024-08-31,FTSE 100,^FTSE,United Kingdom,GBP,8376.63
2024-09-30,FTSE 100,^FTSE,United Kingdom,GBP,8236.95
2024-10-31,FTSE 100,^FTSE,United Kingdom,GBP,8110.10
2024-11-30,FTSE 100,^FTSE,United Kingdom,GBP,8287.30
2024-12-31,FTSE 100,^FTSE,United Kingdom,GBP,8173.02
2021-01-31,Nikkei 225,^N225,Japan,JPY,27663.39
2021-02-28,Nikkei 225,^N225,Japan,JPY,28966.01
2021-03-31,Nikkei 225,^N225,Japan,JPY,29178.80
2021-04-30,Nikkei 225,^N225,Japan,JPY,28812.63
2021-05-31,Nikkei 225,^N225,Japan,JPY,28860.08
2021-06-30,Nikkei 225,^N225,Japan,JPY,28791.53
2021-07-31,Nikkei 225,^N225,Japan,JPY,27283.59
2021-08-31,Nikkei 225,^N225,Japan,JPY,28089.54
2021-09-30,Nikkei 225,^N225,Japan,JPY,29452.66
2021-10-31,Nikkei 225,^N225,Japan,JPY,28892.69
2021-11-30,Nikkei 225,^N225,Japan,JPY,27821.76
2021-12-31,Nikkei 225,^N225,Japan,JPY,28791.71
2022-01-31,Nikkei 225,^N225,Japan,JPY,27001.98
2022-02-28,Nikkei 225,^N225,Japan,JPY,26526.82
2022-03-31,Nikkei 225,^N225,Japan,JPY,27821.43
2022-04-30,Nikkei 225,^N225,Japan,JPY,26847.90
2022-05-31,Nikkei 225,^N225,Japan,JPY,27279.80
2022-06-30,Nikkei 225,^N225,Japan,JPY,26393.04
2022-07-31,Nikkei 225,^N225,Japan,JPY,27801.64
2022-08-31,Nikkei 225,^N225,Japan,JPY,28091.53
2022-09-30,Nikkei 225,^N225,Japan,JPY,25937.21
2022-10-31,Nikkei 225,^N225,Japan,JPY,27587.46
2022-11-30,Nikkei 225,^N225,Japan,JPY,27968.99
2022-12-31,Nikkei 225,^N225,Japan,JPY,26094.50
2023-01-31,Nikkei 225,^N225,Japan,JPY,27327.11
2023-02-28,Nikkei 225,^N225,Japan,JPY,27445.56
2023-03-31,Nikkei 225,^N225,Japan,JPY,28041.48
2023-04-30,Nikkei 225,^N225,Japan,JPY,28856.44
2023-05-31,Nikkei 225,^N225,Japan,JPY,30887.88
2023-06-30,Nikkei 225,^N225,Japan,JPY,33189.04
2023-07-31,Nikkei 225,^N225,Japan,JPY,33172.22
2023-08-31,Nikkei 225,^N225,Japan,JPY,32619.34
2023-09-30,Nikkei 225,^N225,Japan,JPY,31857.62
2023-10-31,Nikkei 225,^N225,Japan,JPY,30858.85
2023-11-30,Nikkei 225,^N225,Japan,JPY,33486.89
2023-12-31,Nikkei 225,^N225,Japan,JPY,33464.17
2024-01-31,Nikkei 225,^N225,Japan,JPY,36286.71
2024-02-29,Nikkei 225,^N225,Japan,JPY,39166.19
2024-03-31,Nikkei 225,^N225,Japan,JPY,40369.44
2024-04-30,Nikkei 225,^N225,Japan,JPY,38405.66
2024-05-31,Nikkei 225,^N225,Japan,JPY,38487.90
2024-06-30,Nikkei 225,^N225,Japan,JPY,39583.08
2024-07-31,Nikkei 225,^N225,Japan,JPY,39101.82
2024-08-31,Nikkei 225,^N225,Japan,JPY,38647.75
2024-09-30,Nikkei 225,^N225,Japan,JPY,37919.55
2024-10-31,Nikkei 225,^N225,Japan,JPY,39081.25
2024-11-30,Nikkei 225,^N225,Japan,JPY,38208.03
2024-12-31,Nikkei 225,^N225,Japan,JPY,39894.54
2021-01-31,Hang Seng Index,^HSI,Hong Kong,HKD,28283.71
2021-02-28,Hang Seng Index,^HSI,Hong Kong,HKD,28980.21
2021-03-31,Hang Seng Index,^HSI,Hong Kong,HKD,28378.35
2021-04-30,Hang Seng Index,^HSI,Hong Kong,HKD,28724.88
2021-05-31,Hang Seng Index,^HSI,Hong Kong,HKD,29151.80
2021-06-30,Hang Seng Index,^HSI,Hong Kong,HKD,28827.95
2021-07-31,Hang Seng Index,^HSI,Hong Kong,HKD,25961.03
2021-08-31,Hang Seng Index,^HSI,Hong Kong,HKD,25878.99
2021-09-30,Hang Seng Index,^HSI,Hong Kong,HKD,24575.64
2021-10-31,Hang Seng Index,^HSI,Hong Kong,HKD,25377.24
2021-11-30,Hang Seng Index,^HSI,Hong Kong,HKD,23475.26
2021-12-31,Hang Seng Index,^HSI,Hong Kong,HKD,23397.67
2022-01-31,Hang Seng Index,^HSI,Hong Kong,HKD,23802.26
2022-02-28,Hang Seng Index,^HSI,Hong Kong,HKD,22713.02
2022-03-31,Hang Seng Index,^HSI,Hong Kong,HKD,21996.85
2022-04-30,Hang Seng Index,^HSI,Hong Kong,HKD,21089.39
2022-05-31,Hang Seng Index,^HSI,Hong Kong,HKD,21415.20
2022-06-30,Hang Seng Index,^HSI,Hong Kong,HKD,21859.79
2022-07-31,Hang Seng Index,^HSI,Hong Kong,HKD,20156.51
2022-08-31,Hang Seng Index,^HSI,Hong Kong,HKD,19954.39
2022-09-30,Hang Seng Index,^HSI,Hong Kong,HKD,17222.83
2022-10-31,Hang Seng Index,^HSI,Hong Kong,HKD,14687.02
2022-11-30,Hang Seng Index,^HSI,Hong Kong,HKD,18597.23
2022-12-31,Hang Seng Index,^HSI,Hong Kong,HKD,19781.41
2023-01-31,Hang Seng Index,^HSI,Hong Kong,HKD,21842.33
2023-02-28,Hang Seng Index,^HSI,Hong Kong,HKD,19785.94
2023-03-31,Hang Seng Index,^HSI,Hong Kong,HKD,20400.11
2023-04-30,Hang Seng Index,^HSI,Hong Kong,HKD,19894.57
2023-05-31,Hang Seng Index,^HSI,Hong Kong,HKD,18234.27
2023-06-30,Hang Seng Index,^HSI,Hong Kong,HKD,18916.43
2023-07-31,Hang Seng Index,^HSI,Hong Kong,HKD,20078.94
2023-08-31,Hang Seng Index,^HSI,Hong Kong,HKD,18382.06
2023-09-30,Hang Seng Index,^HSI,Hong Kong,HKD,17809.66
2023-10-31,Hang Seng Index,^HSI,Hong Kong,HKD,17112.48
2023-11-30,Hang Seng Index,^HSI,Hong Kong,HKD,17042.88
2023-12-31,Hang Seng Index,^HSI,Hong Kong,HKD,17047.39
2024-01-31,Hang Seng Index,^HSI,Hong Kong,HKD,15485.07
2024-02-29,Hang Seng Index,^HSI,Hong Kong,HKD,16511.44
2024-03-31,Hang Seng Index,^HSI,Hong Kong,HKD,16541.42
2024-04-30,Hang Seng Index,^HSI,Hong Kong,HKD,17763.03
2024-05-31,Hang Seng Index,^HSI,Hong Kong,HKD,18079.61
2024-06-30,Hang Seng Index,^HSI,Hong Kong,HKD,17718.61
2024-07-31,Hang Seng Index,^HSI,Hong Kong,HKD,17344.60
2024-08-31,Hang Seng Index,^HSI,Hong Kong,HKD,17989.07
2024-09-30,Hang Seng Index,^HSI,Hong Kong,HKD,21133.68
2024-10-31,Hang Seng Index,^HSI,Hong Kong,HKD,20317.33
2024-11-30,Hang Seng Index,^HSI,Hong Kong,HKD,19423.61
2024-12-31,Hang Seng Index,^HSI,Hong Kong,HKD,20059.95
